Title,Subject,Dates,Location,Cost,Hours,Provider,Type,Description,Website
A Guide to Clinical Differential Diagnosis of Oral Mucosal Lesions,N/A,06/04/2002 - 03/26/2020,Self-instructional,Free,4 Hour(s),"Michael W. Finkelstein, DDS, MS; Emily Lanzel, DDS, MS; John W. Hellstein, DDS, MS","Dentists, Dental Hygienists, Dental Assistants, Dental Students, Dental Hygiene Students, Dental Assistant Students",The primary goal of this course is to help dental professionals learn the process of clinical differential diagnosis of diseases and lesions of the oral mucosa. This course also includes both an interactive and downloadable decision tree to assist in the diagnosis.,/en-us/professional-education/ce-courses/ce110
A History and Update of Fluoride Dentifrices,N/A,12/19/2006 - 04/17/2020,Self-instructional,Free,2 Hour(s),"James S. Wefel, PhD; Robert V. Faller, BS","Dentists, Dental Hygienists, Dental Assistants, Dental Students, Dental Hygiene Students, Dental Assistant Students","This course is a review and update of cosmetic and therapeutic dentifrices, their impact on market shares and the development of multi-benefit dentifrice technologies.",/en-us/professional-education/ce-courses/ce94
Achieving Patient-centered Care through Interprofessional Collaborative Practice,N/A,11/01/2016 - 10/31/2019,Self-instructional,Free,1 Hour(s),"Grishondra L. Branch-Mays, DDS, MS; Keith A. Mays, DDS, MS, PhD","Dentists, Dental Hygienists, Dental Assistants, Dental Students, Dental Hygiene Students, Dental Assistant Students",This course will present an overview of the role of the oral health care provider in interprofessional education and collaborative practice; discuss the importance of oral health on overall health and the necessity of working on an interprofessional team to provide patient-centered care and to improve population health; and will provide an overview of the core competencies for collaborative practice.,/en-us/professional-education/ce-courses/ce471
"Actinic Cheilosis: Etiology, Epidemiology, Clinical Manifestations, Diagnosis, and Treatment",N/A,05/11/2012 - 12/08/2018,Self-instructional,Free,2 Hour(s),"Michaell A. Huber, DDS; Géza T. Terézhalmy, DDS, MA","Dentists, Dental Hygienists, Dental Assistants, Dental Students, Dental Hygiene Students, Dental Assistant Students","This continuing education course presents the etiology, epidemiology, clinical manifestations, diagnosis, and treatment of actinic cheilosis.",/en-us/professional-education/ce-courses/ce400
Adjunctive and Prophylactic Use of Antibacterial Agents in Dentistry,N/A,03/31/2015 - 03/30/2018,Self-instructional,Free,3 Hour(s),"Leena Palomo, DDS, MSD; Géza T. Terézhalmy, DDS, MA","Dentists, Dental Hygienists, Dental Students, Dental Hygiene Students","Participants in this course will be introduced to evidence-based information related to the microbiology of odontogenic infections, the pharmacology of systemic antibacterial agents, and the rationale for the selection of an antibacterial agent for the treatment of odontogenic infections and for prophylactic therapy.",/en-us/professional-education/ce-courses/ce475
Adverse Drug Reactions - Part I,N/A,07/01/2017 - 06/30/2020,Self-instructional,Free,3 Hour(s),"Kristin A. Williams, DDS, MPH; M. Louay Taifour, BDS, DMD","Dentists, Dental Hygienists, Dental Assistants, Dental Students, Dental Hygiene Students, Dental Assistant Students",/en-us/professional-education/ce-courses/ce536
Adverse Drug Reactions - Part II,N/A,08/01/2017 - 07/31/2020,Self-instructional,Free,3 Hour(s),"Kristin A. Williams, DDS, MPH; M. Louay Taifour, BDS, DMD","Dentists, Dental Hygienists, Dental Assistants, Dental Students, Dental Hygiene Students, Dental Assistant Students",/en-us/professional-education/ce-courses/ce537
"Aging, Systemic Disease and Oral Health: Implications for Women Worldwide (Part I)",N/A,09/01/2007 - 10/19/2020,Self-instructional,Free,2 Hour(s),"Pam  Hughes, RDH, MS","Dentists, Dental Hygienists, Dental Assistants, Dental Students, Dental Hygiene Students, Dental Assistant Students","This course will review global prevalence and risk factors of three common health conditions among aging women: cardiovascular disease, diabetes, and osteoporosis. It explores prevention and treatment approaches, connections to oral health, and specific treatment plans for each condition. (This is Part 1 of a 2-part series on women, aging and oral health. Part 2 is available in the dentalcare.com CE library.)",/en-us/professional-education/ce-courses/ce302
"Aging, Systemic Disease and Oral Health: Implications for Women Worldwide (Part II)",N/A,11/21/2008 - 03/09/2019,Self-instructional,Free,3 Hour(s),"Pam  Hughes, RDH, MS","Dentists, Dental Hygienists, Dental Assistants, Dental Students, Dental Hygiene Students, Dental Assistant Students","This course highlights research related to women and stroke, rheumatoid arthritis and depression. Women have shown disproportionate outcomes from medical conditions in measures of diagnosis, prevalence, incidence as well as response to treatments. Their culture, education, and, most importantly, access to care have placed female populations worldwide at potential risk for adverse disease outcomes. (This is Part 2 of a 2-part series on women, aging and oral health. Part 1 is available in the dentalcare.com CE library.)",/en-us/professional-education/ce-courses/ce330
An Introduction to Substance Use Disorders for Dental Professionals,N/A,07/31/2017 - 07/30/2020,Self-instructional,Free,3 Hour(s),"Patricia A. Frese, RDH, MEd; Elizabeth McClure, RDH, MEd","Dentists, Dental Hygienists, Dental Assistants, Office Managers, Dental Students, Dental Hygiene Students, Dental Assistant Students",/en-us/professional-education/ce-courses/ce545
An Overview of Dental Anatomy,N/A,03/16/2016 - 03/15/2019,Self-instructional,Free,1 Hour(s),"Vickie P. Overman, RDH, MEd","Dental Hygienists, Dental Assistants, Dental Hygiene Students, Dental Assistant Students","This continuing education course will provide an overview of dental anatomy, including the primary and permanent dentitions, normal facial and intraoral anatomy and the anatomy of the periodontium.  This information can be used as a review in order to compare findings outside of the normal.",/en-us/professional-education/ce-courses/ce500
An Update on Demineralization/Remineralization,N/A,07/15/2005 - 04/24/2020,Self-instructional,Free,3 Hour(s),"Mark E. Jensen, MS, DDS, PhD; Robert V. Faller, BS","Dentists, Dental Hygienists, Dental Assistants, Dental Students, Dental Hygiene Students, Dental Assistant Students","This course is an introduction to the concepts of demineralization and remineralization and how they can and should be incorporated into clinical practice. Upon completion of this course, participants will understand the continued need for fluoride to help protect against the ongoing challenge to tooth structure, secondary lesions and root caries. Participants will also appreciate the need to examine the literature and evidence when applying clinical preventive techniques for caries prevention.",/en-us/professional-education/ce-courses/ce73
Anatomy & Histology of the Gingiva and Basic Oral Hygiene,N/A,07/20/2001 - N/A,Self-instructional,Free,0 Hour(s),"Stacy R. Chichester, RDH, MS","Dental Students, Dental Hygiene Students","Basic knowledge of the supporting structures of the teeth allows dental professionals to accurately examine and assess patients' oral health. The supporting structures consist of the gingiva, periodontal ligament, cementum and alveolar bone. The gingiva is the only clinically visible component of the periodontium surrounding and supporting the teeth. This course will explore the unique characteristics of the gingiva including the basic oral hygiene recommendations necessary for gingival health.",/en-us/professional-education/ce-courses/ce103
Are You A Supertaster?,N/A,03/02/2015 - 03/01/2018,Self-instructional,Free,2 Hour(s),"Nancy W. Burkhart, BSDH, MEd, EdD; Carol Perkins, RDH, BA, AS","Dentists, Dental Hygienists, Dental Assistants, Dental Students, Dental Hygiene Students, Dental Assistant Students",/en-us/professional-education/ce-courses/ce455
Basic Pharmacology: Part I - Pharmacodynamic and Pharmacokinetic Principles,N/A,03/16/2016 - 03/15/2019,Self-instructional,Free,2 Hour(s),"Stuart L. Segelnick, DDS, MS; Mea A. Weinberg, DMD, MSD, RPh","Dentists, Dental Hygienists, Dental Students, Dental Hygiene Students","Clinicians and patients recognize the major role played by drugs in modern healthcare. Hence, it is important for practitioners to have a solid understanding of pharmacology. Participants in this course will be introduced to general pharmacological principles as they relate to the use of drugs in dental practice. Pharmacodynamic and pharmacokinetic concepts will be reviewed.",/en-us/professional-education/ce-courses/ce486
"Basic Pharmacology: Part II – Pharmacotherapeutic Issues, Drug Regulations, and Prescription Writing",N/A,04/15/2016 - 04/14/2019,Self-instructional,Free,2 Hour(s),"Stuart L. Segelnick, DDS, MS; Mea A. Weinberg, DMD, MSD, RPh","Dentists, Dental Hygienists, Dental Students, Dental Hygiene Students","Clinicians and patients recognize the major role played by drugs in modern healthcare.  Hence, it is important for practitioners to have a solid understanding of pharmacology.  Participants in this course will be introduced to general pharmacological principles as they relate to the use of drugs in dental practice.  Pharmacotherapeutic concepts, drug regulations, and principles of prescription writing will be reviewed.",/en-us/professional-education/ce-courses/ce506
Basic Techniques for Management of the Infant and Toddler Dental Patient,N/A,02/25/2004 - 02/27/2020,Self-instructional,Free,2 Hour(s),"Steven Schwartz, DDS","Dentists, Dental Hygienists, Dental Assistants, Dental Students, Dental Hygiene Students, Dental Assistant Students","As the trend in the reduction of caries in the patient population continues and dentists scramble to find ways to maintain business by attracting new patients to their practice, many ignore a potential source of patients that exist in their practices… the infant and toddler pediatric patient.  Introducing the pediatric dental patient during infancy and the toddler stage can have a mutual benefit for the child, parent, and dentist.  Behavior modification techniques such as non-traumatic physical restraint and desensitization may be used to gain patient cooperation.  Early examination can uncover potential problems thereby reducing future negative consequences of delayed intervention.  Informing parents of the advantages of early dental care for their child is the most effective marketing strategy.",/en-us/professional-education/ce-courses/ce54
Biofilm: A New View of Plaque,N/A,04/17/2001 - 10/23/2019,Self-instructional,Free,2 Hour(s),"Pamela R. Overman, EdD, RDH","Dentists, Dental Hygienists, Dental Assistants, Dental Students, Dental Hygiene Students, Dental Assistant Students","The primary learning objective for this course is to increase your general knowledge of the various ways that dental professionals have viewed plaque throughout the years, highlighting the current view of plaque as a biofilm and the ramifications for periodontal therapy.",/en-us/professional-education/ce-courses/ce42
Bruxism: The Grind of the Matter,N/A,08/09/2016 - 08/08/2019,Self-instructional,Free,2 Hour(s),"Lara James, RDH","Dentists, Dental Hygienists, Dental Assistants, Office Managers, Dental Students, Dental Hygiene Students, Dental Assistant Students","This course will provide information for the dental healthcare team on the common causes, assessment, diagnosis, and treatment of this condition. Early treatment can help prevent acute pain and, in severe cases, chronic pain, periodontal involvement and possible tooth loss. Educating the patient on bruxism and the importance of maintaining a healthy oral environment will also be covered.",/en-us/professional-education/ce-courses/ce485
Burning Mouth Syndrome,N/A,03/31/2015 - 03/30/2018,Self-instructional,Free,2 Hour(s),"Nancy W. Burkhart, BSDH, MEd, EdD; Terry Rees, DDS, MSD","Dentists, Dental Hygienists, Dental Students, Dental Hygiene Students","Three primary causes have been identified as possible contributors of Burning Mouth Syndrome (BMS):  (1) neurologic, (2) psychogenic or (3) hormonal.  This course gives the participant a working knowledge of the key factors related to BMS and the psychological components, possible etiologies, pathogenesis, treatment protocol, as well as patient education related to BMS.",/en-us/professional-education/ce-courses/ce434
Cardiovascular Drugs in the Top 200: Clinical Implications,N/A,02/01/2016 - 01/31/2019,Self-instructional,Free,3 Hour(s),"Elisabeth A. Banasik, DDS; Tarek Al-saadi, BDS; Fady F. Faddoul, DDS, MSD; Géza T. Terézhalmy, DDS, MA","Dentists, Dental Hygienists, Dental Students, Dental Hygiene Students","This continuing education course introduces evidence-based information related to risk stratification of patients based on procedure-specific and patient-specific factors with special reference to the pharmacology of cardiovascular drugs, including their mechanisms of action, indications for their use, and associated adverse drug events.",/en-us/professional-education/ce-courses/ce493
Care & Maintenance of Dental Restorations,N/A,09/01/2015 - 08/31/2018,Self-instructional,Free,1 Hour(s),"Shelly Withers, RDH, MS; Marilynn Heyde, RDH, MPH","Dentists, Dental Hygienists, Dental Assistants, Dental Students, Dental Hygiene Students, Dental Assistant Students",This continuing education course will provide an overview of the various types of esthetic restorations and how to properly care for them.  The course will also discuss methods for evaluating and maintaining amalgam restorations.,/en-us/professional-education/ce-courses/ce468
Caries Process and Prevention Strategies:  Demineralization/Remineralization,N/A,01/13/2011 - 02/27/2018,Self-instructional,Free,1 Hour(s),"Susan Higham, BSC, PhD, CBiol, MSB","Dentists, Dental Hygienists, Dental Assistants, Dental Students, Dental Hygiene Students, Dental Assistant Students","This is part 5 of a 10-part series entitled Caries Process and Prevention Strategies. In this course, the dynamic process of demineralization and remineralization is discussed, paying particular attention to tooth hard tissue structure, the role of acid production by cariogenic bacteria, and the critical pH at which tooth enamel begins to dissolve. The role of acid-reducing bacteria, saliva, and fluoride in tooth hard tissue remineralization will also be explained.",/en-us/professional-education/ce-courses/ce372
Caries Process and Prevention Strategies:  The Agent,N/A,12/09/2010 - 02/27/2018,Self-instructional,Free,1 Hour(s),"Susan Higham, BSC, PhD, CBiol, MSB","Dentists, Dental Hygienists, Dental Assistants, Dental Students, Dental Hygiene Students, Dental Assistant Students","This is part 2 of a 10-part series entitled Caries Process and Prevention Strategies. Dental caries is a multifactorial, infectious disease affecting a significant percentage of the population. This course describes the etiology and pathways of progression of dental caries, including an in-depth review of the role of dental plaque and oral bacteria.",/en-us/professional-education/ce-courses/ce369
Caries Process and Prevention Strategies:  The Environment,N/A,01/13/2011 - 02/27/2018,Self-instructional,Free,1 Hour(s),"Susan Higham, BSC, PhD, CBiol, MSB","Dentists, Dental Hygienists, Dental Assistants, Dental Students, Dental Hygiene Students, Dental Assistant Students","This is part 4 of a 10-part series entitled Caries Process and Prevention Strategies.  In this course, the role of fermentable carbohydrates is discussed, paying particular attention to how caries can be influenced by the cariogenic potential of ingested sugars and starches, the physical traits of ingested carbohydrates (such as their adhesiveness), and the frequency of intake and exposure to sugars.  The Stephan curve, which illustrates the dental pH changes over time in response to a carbohydrate challenge, is also introduced, with a discussion of how factors such as the type of carbohydrate, the buffering capacity of bacteria, and the type and amount of bacteria present in plaque affect dental plaque pH responses.",/en-us/professional-education/ce-courses/ce371
Caries Process and Prevention Strategies:  The Host,N/A,01/13/2011 - 02/27/2018,Self-instructional,Free,1 Hour(s),"Susan Higham, BSC, PhD, CBiol, MSB","Dentists, Dental Hygienists, Dental Assistants, Dental Students, Dental Hygiene Students, Dental Assistant Students","This is part 3 of a 10-part series entitled Caries Process and Prevention Strategies.  It has been established that a host must be present for caries to develop.  In this course, three host factors – the tooth, saliva, and the oral cavity’s immune response – are introduced, and their roles in the caries process are explained.",/en-us/professional-education/ce-courses/ce370
Caries Process and Prevention Strategies: Diagnosis,N/A,08/19/2011 - 04/07/2018,Self-instructional,Free,1 Hour(s),"Amid I. Ismail, BDS, MPH, MBA, DrPH","Dentists, Dental Hygienists, Dental Assistants, Dental Students, Dental Hygiene Students, Dental Assistant Students","This is part 6 of a 10-part series entitled Caries Process and Prevention Strategies.  This course introduces the dental professional to the importance of caries diagnosis in prevention of the disease, as well as the intricate link between caries diagnosis and treatment.  The two main methods of lesion diagnosis used today-the visual-tactile or visual methods and bitewing radiography-are discussed, including recent advancements that improve their sensitivity, as well as their limitations.  Topics also include newer approaches to caries diagnosis and management, and a brief discussion of why too-early caries lesion diagnosis can be counterproductive and the benefits of enlisting the help of pediatricians in diagnosing caries in children.",/en-us/professional-education/ce-courses/ce373
Caries Process and Prevention Strategies: Epidemiology,N/A,12/09/2010 - 06/07/2018,Self-instructional,Free,1 Hour(s),"Edward  Lo, BDS, MDS, PhD, FHKAM","Dentists, Dental Hygienists, Dental Assistants, Dental Students, Dental Hygiene Students, Dental Assistant Students"," This is part 1 of a 10-part series entitled Caries Process and Prevention Strategies.  Oral epidemiology is the area of public health that deals with the distribution and the impact of oral disease on the human population.  In this course, emphasis is placed on the relevance of epidemiology to clinical practice and information about the prevalence, incidence and trends of dental caries in the United States is presented.  The term DMF (decayed, missing, and filled teeth) is introduced, along with variations and limitations of the DMF index, and an explanation of how to calculate DMF scores.",/en-us/professional-education/ce-courses/ce368
Caries Process and Prevention Strategies: Erosion,N/A,08/19/2011 - 02/17/2018,Self-instructional,Free,1 Hour(s),"Susan Higham, BSC, PhD, CBiol, MSB","Dentists, Dental Hygienists, Dental Assistants, Dental Students, Dental Hygiene Students, Dental Assistant Students","This is part 7 of a 10-part series entitled Caries Process and Prevention Strategies. This course establishes the concept of dental erosion as a condition that is distinct from caries, and as an emerging public health issue with increasing prevalence in people of all ages. Although often generalized under the heading of ""tooth wear,"" there are actually two distinct tooth surface loss processes that must be taken into account. Tooth surface loss can be the result of physical mechanisms, such as attrition and abrasion, or chemical mechanisms triggered by acid. Both of these mechanisms are discussed, as well as the chemical, biological, and behavioral factors that increase or reduce risk of tooth surface loss. In addition, diagnosis and prevention measures related to dental erosion are introduced.",/en-us/professional-education/ce-courses/ce374
Caries Process and Prevention Strategies: Intervention,N/A,08/19/2011 - 09/14/2020,Self-instructional,Free,1 Hour(s),"Marjolijn Hovius, RDH","Dentists, Dental Hygienists, Dental Assistants, Dental Students, Dental Hygiene Students, Dental Assistant Students","This is part 9 of a 10-part series entitled Caries Process and Prevention Strategies.  This course introduces the dental professional to the important role of fluoride in the prevention and control of dental caries.  Systemic and topical forms of fluoride delivery are discussed as options for the majority of patients, and professional forms of fluoride delivery are discussed as sometimes-necessary measures for high-risk patients with severe caries.",/en-us/professional-education/ce-courses/ce376
Caries Process and Prevention Strategies: Prevention,N/A,08/19/2011 - 09/14/2020,Self-instructional,Free,1 Hour(s),"Marjolijn Hovius, RDH","Dentists, Dental Hygienists, Dental Assistants, Dental Students, Dental Hygiene Students, Dental Assistant Students","This is part 8 of a 10-part series entitled Caries Process and Prevention Strategies. This course introduces the dental professional to the concept of oral health promotion and education as a means of preventing caries. The topics discussed include understanding patient behavior, the barriers to change a patient may experience, why it is important for a dental professional to provide continuous support even when a patient is slow to change, and helping a patient to set goals that promote caries-reducing habits.",/en-us/professional-education/ce-courses/ce375
Caries Process and Prevention Strategies: Risk Assessment,N/A,08/19/2011 - 09/14/2020,Self-instructional,Free,1 Hour(s),"Marjolijn Hovius, RDH","Dentists, Dental Hygienists, Dental Assistants, Dental Students, Dental Hygiene Students, Dental Assistant Students","This is part 10 of a 10-part series entitled Caries Process and Prevention Strategies.  This course introduces the dental professional to risk terminology, and methods for identifying caries-causing factors and assessing a patient's risk for developing dental caries.  It also outlines a risk protocol that can be used with patients.",/en-us/professional-education/ce-courses/ce377
Child Abuse and Neglect: Implications for the Dental Professional,N/A,05/15/2003 - 03/30/2019,Self-instructional,Free,2 Hour(s),"Stephen A. Jessee, DDS; Amos S.  Deinard, MD, MPH","Dentists, Dental Hygienists, Dental Assistants, Dental Students, Dental Hygiene Students, Dental Assistant Students","This continuing education course will provide information on the various types of child abuse and neglect; describe its victims and perpetrators; and outline the dental professionals’ responsibilities in the recognition, reporting, treatment, and prevention of such cases.","Dental Students:  This is part two of a two-part continuing education series.  The first part is Dr. Amos Deinard’s “Intimate Partner Violence and Elder Maltreatment” course.  For students taking these courses, both courses should be completed.  As healthcare providers, you are obligated to understand these topics and report, as appropriate.",/en-us/professional-education/ce-courses/ce49
Clinical Encounters in Pediatric Dentistry,N/A,04/01/2010 - 11/21/2019,Self-instructional,Free,2 Hour(s),"Steven Schwartz, DDS","Dentists, Dental Hygienists, Dental Assistants, Dental Students, Dental Hygiene Students, Dental Assistant Students",This course is designed teach the recognition and management of a variety of dento/orofacial conditions and problems commonly found in pediatric patients from infancy to adolescence.,/en-us/professional-education/ce-courses/ce352
Clinical Practice Guideline for an Infection Control/Exposure Control Program in the Oral Healthcare Setting,N/A,05/14/2009 - 06/30/2018,Self-instructional,Free,3 Hour(s),"Géza T. Terézhalmy, DDS, MA","Dentists, Dental Hygienists, Dental Assistants, Dental Students, Dental Hygiene Students, Dental Assistant Students",This course will describe how to develop infection control/exposure control strategies appropriate for the oral healthcare setting.,/en-us/professional-education/ce-courses/ce342
Commonly Prescribed Medications in Pediatric Dentistry,N/A,05/01/2009 - 01/07/2019,Self-instructional,Free,2 Hour(s),"Steven Schwartz, DDS","Dentists, Dental Hygienists, Dental Assistants, Dental Students, Dental Hygiene Students, Dental Assistant Students","Prescribing medication has become more complicated with an increasing number of issues, such as microbial resistance to prescribed antibiotics, drug interactions, and increased number of medications used by both adult and pediatric patients.  In this course the reader will learn the characteristics, warnings and precautions, and proper dosages for adult and pediatric patients for the following categories of medications:  Antimicrobials (antibiotics, antifungals, and antivirals), analgesics, and fluorides.",/en-us/professional-education/ce-courses/ce336
Community-based Dental Care: An Alternative Approach to Improve Access to Dental Providers,N/A,10/31/2017 - 10/30/2020,Self-instructional,Free,2 Hour(s),"Melanie Simmer-Beck, RDH, PhD; Bonnie G. Branson, RDH, PhD","Dentists, Dental Hygienists, Dental Assistants, Office Managers, Dental Students, Dental Hygiene Students, Dental Assistant Students",/en-us/professional-education/ce-courses/ce552
Comprehensive Oral Healthcare Long-term Treatment Planning,N/A,03/01/2016 - 02/28/2019,Self-instructional,Free,1 Hour(s),"Christa C. McConaghy, RDH, BS, PHDH","Dentists, Dental Hygienists, Dental Assistants, Dental Students, Dental Hygiene Students, Dental Assistant Students",The dental world is comprised of many specialties to help patients with their dental needs throughout many phases of their lives.  This course explores the obligation dental care providers have to assist older adults in planning their future dental needs.  Discussions include the importance of acquiring accurate medical histories and of formulating dental-hygiene care plans based on personal history and current health.,/en-us/professional-education/ce-courses/ce492
Cone-Beam Computed Tomography (CBCT) Applications in Dentistry,N/A,11/01/2017 - 10/31/2020,Self-instructional,Free,2 Hour(s),"Diane J. Flint, DDS, MS, Diplomate ABOMR, Diplomate ABGD; Regina Casian Ruiz Velasco, DDS, Post-doctoral resident in OMR","Dentists, Dental Hygienists, Dental Students, Dental Hygiene Students","This course will review Cone-Beam Computed Tomography (CBCT) and its applications in clinical dentistry. The technology and how it differs from other types of dental imaging, keys for optimal imaging based on the desired outcomes, radiation dose to patients, interpretation, and medico-legal considerations will be discussed.",/en-us/professional-education/ce-courses/ce531
Counseling and Treating Bad Breath Patients: A Step-By-Step Approach,N/A,01/23/2003 - 08/31/2018,Self-instructional,Free,2 Hour(s),"Patricia A. Lenton, RDH, MA; Georgia Majerus, RDH, BS; Bashar Bakdash, DDS, MPH, MSD","Dentists, Dental Hygienists, Dental Assistants, Dental Students, Dental Hygiene Students, Dental Assistant Students",The purpose of this course is to provide dental professionals with practical strategies to facilitate the discussion and treatment and oral malodor in the dental office.  This course describes a useful communication model (P-LI-SS-IT) specifically aimed at discussing potentially sensitive issues.,/en-us/professional-education/ce-courses/ce130
Creaky Joints and Bleeding Gums: The Interactions between Periodontal Disease and Rheumatoid Arthritis (RA),N/A,01/25/2017 - 01/24/2020,Self-instructional,Free,1 Hour(s),"Elizabeth M. Garner, DMD; Maria L. Geisinger, DDS, MS","Dentists, Dental Hygienists, Dental Assistants, Dental Students, Dental Hygiene Students, Dental Assistant Students",This course will review the current scientific evidence about the association between rheumatoid arthritis and periodontal disease and to aid in the clinical decision making to care for patients with RA in a dental setting.,/en-us/professional-education/ce-courses/ce519
Creating a Blueprint to Achieve Total Professional Success,N/A,06/05/2014 - 06/01/2020,Self-instructional,Free,2 Hour(s),"Steven Schwartz, DDS","Dentists, Dental Hygienists, Dental Assistants, Office Managers, Dental Students, Dental Hygiene Students, Dental Assistant Students","Whether starting a career or in practice for 20 years, it is important individuals create a process or ""blueprint"" that clarifies goals and provides a method to achieve them.",/en-us/professional-education/ce-courses/ce447
"Current Concepts in Dental Implants: Clinical Assessment in the Prevention of Peri-implant Mucositis, Peri-implantitis, and Implant Failure",N/A,08/01/2017 - 07/31/2020,Self-instructional,Free,2 Hour(s),"Connie M. Kracher, PhD, MSD","Dentists, Dental Hygienists, Dental Assistants, Dental Students, Dental Hygiene Students, Dental Assistant Students",/en-us/professional-education/ce-courses/ce514
Current Concepts in Preventive Dentistry,N/A,01/01/2009 - 02/28/2019,Self-instructional,Free,5 Hour(s),"Connie M. Kracher, PhD, MSD","Dentists, Dental Hygienists, Dental Assistants, Dental Students, Dental Hygiene Students, Dental Assistant Students","This course includes current, evidence-based content on preventive dentistry that dental clinicians will utilize during patient assessment.  Preventive dentistry is a comprehensive approach that should calibrate the entire dental team in the individualized care and education of each patient in the dental practice.",/en-us/professional-education/ce-courses/ce334
Cyber Security and the Dental Office (Part I): Protecting Your Office Computer Network,N/A,11/02/2015 - 11/01/2018,Self-instructional,Free,2 Hour(s),"Scott  Aurnou, CIPP/US, CIPT","Dentists, Dental Hygienists, Dental Assistants, Office Managers, Dental Students, Dental Hygiene Students, Dental Assistant Students","This continuing education course will provide dental professionals and office staff a basic understanding of the potential cyber threats facing a modern dental office, as well as the fundamental steps needed to protect computers, mobile devices, office networks, and the practice and patient data they contain.",/en-us/professional-education/ce-courses/ce476
Cyber Security and the Dental Office (Part II): Be Prepared: Hacker Tricks and Security Emergencies,N/A,12/01/2015 - 11/30/2018,Self-instructional,Free,2 Hour(s),"Scott  Aurnou, CIPP/US, CIPT","Dentists, Dental Hygienists, Dental Assistants, Office Managers, Dental Students, Dental Hygiene Students, Dental Assistant Students","This course will give dental professionals and office staff a basic understanding of the potential cyber threats facing a modern dental office.  This will include secure day-to-day practices, the methods hackers use to trick people when attacking computer systems, the proper use of passwords, potential dangers when browsing the Web, and how to be prepared when a security incident strikes.",/en-us/professional-education/ce-courses/ce489
Dental Care for Infants,N/A,12/12/2011 - 08/30/2018,Self-instructional,Free,1 Hour(s),"Ivonne Ganem, DMD, MPH","Dentists, Dental Hygienists, Dental Assistants, Dental Students, Dental Hygiene Students, Dental Assistant Students","The Centers for Disease Control and Prevention report that caries is perhaps the most prevalent infectious disease in U.S children.  By the time they reach kindergarten, more than 40% of children have caries.",/en-us/professional-education/ce-courses/ce387
Dental Implants and Esthetics,N/A,12/12/2005 - 01/31/2019,Self-instructional,Free,1 Hour(s),"Charles J. Goodacre, DDS, MSD; Chad J. Anderson, MS, DMD","Dentists, Dental Hygienists, Dental Assistants, Dental Students, Dental Hygiene Students, Dental Assistant Students","Dental implants offer patients a means to replace one tooth or multiple teeth in a way that meets functional and esthetic needs.  This course reviews various categories of esthetic complications, including: environmental morphology; surgical and soft tissue healing protocol; implant location; crown/prosthesis form and type of abutment; facial esthetics; and prosthesis discoloration.",/en-us/professional-education/ce-courses/ce203
Dental Implications of Adolescent Pregnancy,N/A,03/31/2015 - 03/30/2018,Self-instructional,Free,2 Hour(s),"Steven Schwartz, DDS","Dentists, Dental Hygienists, Dental Assistants, Dental Students, Dental Hygiene Students, Dental Assistant Students","The most prevalent medico-social issues facing adolescents are pregnancy, substance abuse and eating disorders.  This course is intended to help the dental professional identify and manage adolescent pregnancy issues and their dental implications.",/en-us/professional-education/ce-courses/ce463
Dental Management of Patients with Bleeding Disorders,N/A,06/14/2008 - 03/23/2018,Self-instructional,Free,3 Hour(s),"Sandra D'Amato-Palumbo, RDH, MPS","Dentists, Dental Hygienists, Dental Students, Dental Hygiene Students",This continuing education course will provide dental professionals with general information for managing patients with bleeding disorders. Specifics of this course include: basic physiology of the hemostatic system; common bleeding disorders and their etiologies; requisite laboratory testing; and current evidence-based guidelines for the purpose of developing individualized treatment plans for such patients. Having a greater appreciation of these essentials will enable the dental practitioner to successfully treat patients with bleeding disorders.,/en-us/professional-education/ce-courses/ce319
Dental Records: Best Practices for Information Management and Retention,N/A,07/01/2017 - 06/30/2020,Self-instructional,Free,2 Hour(s),"Wilhemina Leeuw, MS, CDA","Dentists, Dental Hygienists, Dental Assistants, Office Managers, Dental Students, Dental Hygiene Students, Dental Assistant Students",/en-us/professional-education/ce-courses/ce532
Dental Terminology and Professional Knowledge,N/A,01/16/2008 - 02/23/2018,Self-instructional,Free,1 Hour(s),"Nancy Hemingway, RDH, MS; Mary Ann Haisch, RDH, MPA","Dentists, Dental Hygienists, Dental Assistants, Dental Students, Dental Hygiene Students, Dental Assistant Students","The purpose of this course is for the learner to gain understanding and enhanced vocabulary of dental terminology and overall professional knowledge by training through example, context, engagement and multiple representations of content.",/en-us/professional-education/ce-courses/ce136
Dentinal Hypersensitivity: A Review,N/A,10/18/2005 - 06/16/2018,Self-instructional,Free,1 Hour(s),"Patricia A. Walters, RDH, MSDH, MSOB","Dentists, Dental Hygienists, Dental Assistants, Dental Students, Dental Hygiene Students, Dental Assistant Students","Dentinal hypersensitivity is a common dental problem yet it is often under-reported by patients or misdiagnosed. This course will address the etiology, prevalence and diagnosis of dentinal hypersensitivity as well as review clinical evidence behind popular desensitizing dentifrices.",/en-us/professional-education/ce-courses/ce200
Desquamative Gingivitis,N/A,03/01/2016 - 02/28/2019,Self-instructional,Free,3 Hour(s),"Terry Rees, DDS, MSD; Nancy W. Burkhart, BSDH, MEd, EdD","Dentists, Dental Hygienists, Dental Students, Dental Hygiene Students","This course is designed to acquaint the clinician with the possible etiologies, treatments and recommendations for the patient who exhibits the characteristics of desquamative gingivitis (DG).  Relevant histological and direct immunofluorescence examinations are discussed and suggested biopsy techniques for optimal results are explained.",/en-us/professional-education/ce-courses/ce481
Developing a Career in Dental Public Health,N/A,11/02/2015 - 11/01/2018,Self-instructional,Free,0 Hour(s),"Bonnie G. Branson, RDH, PhD","Dental Hygienists, Dental Hygiene Students","As the career of dental hygiene evolves, new pathways for alternative settings emerge.  Many of these pathways involve the field of dental public health.  A career in dental public health can be immensely satisfying and rewarding.  This course will direct the learner to carefully consider what type of alternative setting is preferred and to determine if he/she has the correct skills necessary for this type of career.",Note: This course is for informational purposes only and does not offer CE credit.,/en-us/professional-education/ce-courses/ce478
Diabetes: A Multifaceted Syndrome Treatment Considerations in Dentistry,N/A,12/11/2006 - 10/08/2018,Self-instructional,Free,2 Hour(s),"Lynne H. Slim, RDH, BSDH, MSDH; Cynthia A. Stegeman, RDH, EdD, RD, LD, CDE, FAND","Dentists, Dental Hygienists, Dental Assistants, Dental Students, Dental Hygiene Students, Dental Assistant Students","Recognized as a major global public health problem and the seventh leading cause of death in the U.S., proper management of diabetes will positively impact a patient’s oral health, especially as it relates to risk for periodontal disease.  Determining whether or not medical issues warrant immediate care before elective dental procedures is an important part of patient protocol and needs to be instituted by dental practitioners.  Better overall communication and ongoing interaction between medical and oral healthcare providers is needed to improve the overall health of individuals with diabetes.",/en-us/professional-education/ce-courses/ce93
Diagnostic Guidelines for Blood Pressure Screening Techniques,N/A,12/01/2015 - 11/30/2018,Self-instructional,Free,1 Hour(s),"Connie M. Kracher, PhD, MSD","Dentists, Dental Hygienists, Dental Assistants, Dental Students, Dental Hygiene Students, Dental Assistant Students","About one-third of American adults have high blood pressure.  Many patients see a dentist more frequently than a physician, providing the dental team an opportunity to educate their patients about blood pressure readings and how it affects their overall health.  The information in this course teaches the dental professional to be aware of the causes and how to determine and assess identifiable causes of hypertension as well as providing the appropriate method of taking a blood pressure and how to determine the recommendations for follow-up and lifestyle modifications for patient treatment.",/en-us/professional-education/ce-courses/ce490
Do's and Don'ts of Porcelain Laminate Veneers,N/A,12/05/2008 - 01/10/2020,Self-instructional,Free,2 Hour(s),"Chad J. Anderson, MS, DMD; Gerard Kugel, DMD, MS, PhD; Shradha Sharma, BDS, DMD","Dentists, Dental Hygienists, Dental Assistants, Dental Students, Dental Hygiene Students, Dental Assistant Students","This course will give guidelines on how to make esthetic changes for teeth that are discolored, worn, chipped, malformed or misaligned.  Porcelain veneers are considered to be strong and to have great esthetics and a long-term prognosis.",/en-us/professional-education/ce-courses/ce333
Effective Adult Learning for Oral Health Education,N/A,12/12/2005 - 01/19/2020,Self-instructional,Free,1 Hour(s),"Linda D. Boyd, RDH, RD, EdD","Dentists, Dental Hygienists, Dental Assistants, Dental Students, Dental Hygiene Students, Dental Assistant Students",The purpose of this course is to provide dental practitioners with strategies to effectively educate their adult patients in order to prevent and/or manage dental disease.  An overview of adult education principles as well as practical strategies for educating adult learners in the dental setting will be provided.,/en-us/professional-education/ce-courses/ce74
Effective Nitrous Oxide/Oxygen Administration for Children,N/A,11/20/2006 - 03/10/2018,Self-instructional,Free,2 Hour(s),"Steven Schwartz, DDS","Dentists, Dental Students","Administration of nitrous oxide/oxygen analgesia/anxiolysis is a safe and effective technique for reducing and even eliminating anxiety during dental treatment. This course will describe the objectives, indications and contraindications, and technique for successful administration of nitrous oxide to the pediatric patient.",/en-us/professional-education/ce-courses/ce92
"Electronic Cigarettes the Past, Present and Future",N/A,10/01/2014 - 03/30/2018,Self-instructional,Free,2 Hour(s),"David Nguyen, BSDH, EPDH; Gail Aamodt, RDH, EPDH, MS","Dentists, Dental Hygienists, Dental Assistants, Office Managers, Dental Students, Dental Hygiene Students, Dental Assistant Students","Knowledge about electronic cigarettes (e-cigarettes) among healthcare professionals is limited.  This continuing education course will provide an overview of e-cigarette use, key components, mechanism of action, chemical composition, current safety, government regulations and the dental professionalâs role in education and recommendations.",/en-us/professional-education/ce-courses/ce451
Endocrine and Metabolic Agents in the Top 200: Clinical Implications,N/A,06/01/2017 - 05/31/2020,Self-instructional,Free,3 Hour(s),"Elisabeth A. Banasik, DDS; Fady F. Faddoul, DDS, MSD","Dentists, Dental Hygienists, Dental Assistants, Dental Students, Dental Hygiene Students, Dental Assistant Students","The main goal of this course is to introduce evidence-based information related to procedure-specific and patient-specific variables that may precipitate a major perioperative medical event in patients with endocrine and/or metabolic disorders. Special emphasis is placed on the pharmacology of endocrine and/or metabolic agents, i.e., their mechanisms of action, indications for use, and potential adverse drug effects.",/en-us/professional-education/ce-courses/ce509
Environmental Infection Prevention and Control,N/A,09/23/2010 - 05/17/2020,Self-instructional,Free,2 Hour(s),"Géza T. Terézhalmy, DDS, MA; Michaell A. Huber, DDS","Dentists, Dental Hygienists, Dental Assistants, Dental Students, Dental Hygiene Students, Dental Assistant Students",This continuing education course presents essential elements of environmental infection prevention and control in oral healthcare settings with emphasis on meeting basic expectations for safe care.,/en-us/professional-education/ce-courses/ce363
Ergonomics: Working to be More Comfortable,N/A,02/08/2017 - 02/07/2020,Self-instructional,Free,1 Hour(s),"Bruce N. Hamilton, MS, DDS; Anne Hill, DDS","Dentists, Dental Hygienists, Dental Assistants, Office Managers, Dental Students, Dental Hygiene Students, Dental Assistant Students",This course is designed to aid the reader in modifying the manner in which he/she practices dentistry. It is intended to provide methods to improve balance and strength as well as to examine existing clinical equipment to determine if modifications are needed to practice in a stress free environment. ,/en-us/professional-education/ce-courses/ce508
Ethics in Dentistry: Part I - Principles and Values,N/A,09/01/2016 - 08/31/2019,Self-instructional,Free,2 Hour(s),"Phyllis Beemsterboer, RDH, MS, EdD, FACD","Dentists, Dental Hygienists, Dental Students, Dental Hygiene Students",/en-us/professional-education/ce-courses/ce510
Ethics in Dentistry: Part II - Codes of Ethics,N/A,05/01/2017 - 04/30/2020,Self-instructional,Free,2 Hour(s),"Phyllis Beemsterboer, RDH, MS, EdD, FACD","Dentists, Dental Hygienists, Dental Students, Dental Hygiene Students",This course will explore a code of ethics as one of the essential characteristics of a true professional. Dentistry is granted privileges when providing care to the public and in return the profession should adhere to high ethical standards of conduct. This course is a guideline for the attainment of goals and aspirations of the profession as a tool for self-regulation.,/en-us/professional-education/ce-courses/ce528
Evidence-based Decision Making: Introduction and Formulating Good Clinical Questions,N/A,03/01/2008 - 01/31/2018,Self-instructional,Free,2 Hour(s),"Jane L. Forrest, EdD, BSDH","Dentists, Dental Hygienists, Dental Students, Dental Hygiene Students","The primary learning objectives for this course are to:  1) increase your knowledge of evidence-based concepts, principles and skills, and 2) specifically how to formulate a good clinical question in order to find relevant evidence to answer that question.",/en-us/professional-education/ce-courses/ce311
Factors Involved in Dental Care Delivery Expansion,N/A,02/02/2017 - 02/01/2020,Self-instructional,Free,2 Hour(s),"Christine Nathe, RDH, MS","Dentists, Dental Hygienists, Dental Assistants, Dental Students, Dental Hygiene Students, Dental Assistant Students","This course will provide basic knowledge of access issues, trends and the infrastructure, including models to improve dental care in the United States.",/en-us/professional-education/ce-courses/ce496
Forensic Dentistry,N/A,09/07/2012 - 09/30/2018,Self-instructional,Free,2 Hour(s),"Marsha A. Voelker, CDA, RDH, MS","Dentists, Dental Hygienists, Dental Assistants, Dental Students, Dental Hygiene Students, Dental Assistant Students","This continuing education course will provide an overview of forensic dentistry history, various identification methods utilized and how dental professionals can become involved.",/en-us/professional-education/ce-courses/ce401
Forensic Odontology - Part I,N/A,09/01/2017 - 08/31/2020,Self-instructional,Free,1 Hour(s),"Franklin D. Wright, DMD, D-ABFO","Dentists, Dental Hygienists, Office Managers, Dental Students, Dental Hygiene Students",Warning: This course contains content that some may find disturbing.,"This course will discuss dental identification, disaster victim dental identification and the dental-legal issues associated with personal injury cases and standard of care cases, sometimes referred to as dental malpractice, including the importance of the dental record. Course participants can expect to learn the basic concepts of the overall practice of forensic odontology.",/en-us/professional-education/ce-courses/ce503
Forensic Odontology - Part II,N/A,10/02/2017 - 10/01/2020,Self-instructional,Free,1 Hour(s),"Franklin D. Wright, DMD, D-ABFO","Dentists, Dental Hygienists, Office Managers, Dental Students, Dental Hygiene Students","This course will discuss bitemark evidence, human abuse issues seen in the dental practice environment and dental age assessment. Course participants can expect to learn the basic concepts of the overall practice of forensic odontology.",/en-us/professional-education/ce-courses/ce504
From Gumline to Waistline: The Link between Periodontal Disease and Obesity,N/A,12/08/2016 - 12/07/2019,Self-instructional,Free,1 Hour(s),"Maria L. Geisinger, DDS, MS; Mary Elizabeth Bush, BS","Dentists, Dental Hygienists, Dental Assistants, Dental Students, Dental Hygiene Students, Dental Assistant Students",This continuing education course will review the current scientific evidence about the association between obesity status and periodontal disease and to aid in the clinical decision making to care for patients with periodontal disease and obesity in a dental setting.,/en-us/professional-education/ce-courses/ce518
Full Coverage Aesthetic Restoration of Anterior Primary Teeth,N/A,01/09/2012 - 03/25/2018,Self-instructional,Free,3 Hour(s),"Steven Schwartz, DDS","Dentists, Dental Hygienists, Dental Assistants, Dental Students, Dental Hygiene Students, Dental Assistant Students",Aesthetic treatment of severely decayed primary teeth is one of the greatest challenges to pediatric dentists. Aesthetic full coverage restorations are available for anterior and posterior primary teeth. This continuing education course will concentrate on aesthetic full coverage restorations for anterior primary teeth.,/en-us/professional-education/ce-courses/ce379
Full Coverage Aesthetic Restoration of Posterior Primary Teeth,N/A,02/01/2016 - 01/31/2019,Self-instructional,Free,3 Hour(s),"Steven Schwartz, DDS","Dentists, Dental Hygienists, Dental Assistants, Dental Students, Dental Hygiene Students, Dental Assistant Students",Aesthetic treatment of severely decayed primary teeth is one of the greatest challenges to pediatric dentists.  Aesthetic full coverage restorations are available for anterior and posterior primary teeth.  This continuing education course will concentrate on aesthetic full coverage restorations for posterior primary teeth.,/en-us/professional-education/ce-courses/ce480
Fundamentals of Dentifrice: Oral Health Benefits in a Tube,N/A,01/16/2013 - 06/20/2020,Self-instructional,Free,3 Hour(s),"Paula M. Koenigs, PhD; Robert V. Faller, BS","Dentists, Dental Hygienists, Dental Assistants, Dental Students, Dental Hygiene Students, Dental Assistant Students","The course will focus on the most common dentifrice ingredients and the oral health benefits they provide.  Upon completion of the course, participants will understand not only the fundamentals of dentifrice ingredients, but also key regulatory aspects of the dentifrice market and the role of professional societies in credentialing consumer dentifrices.",/en-us/professional-education/ce-courses/ce410
Geriatric Dentistry: From Entry to Exit and Beyond,N/A,02/01/2016 - 01/31/2019,Self-instructional,Free,2 Hour(s),"Satbir S. Grover, BDS, MS, MBA","Dentists, Dental Hygienists, Dental Assistants, Office Managers, Dental Students, Dental Hygiene Students, Dental Assistant Students",This continuing education course will provide an overview of some of the essential steps that need to be considered in handling elderly and medically compromised patients from their entrance to their exit after treatment and the follow up steps after the treatment has been delivered.,/en-us/professional-education/ce-courses/ce484
Hand Hygiene: Infection Control/Exposure Control Issues for Oral Healthcare Workers,N/A,03/04/2010 - 08/31/2019,Self-instructional,Free,2 Hour(s),"Géza T. Terézhalmy, DDS, MA; Michaell A. Huber, DDS","Dentists, Dental Hygienists, Dental Assistants, Dental Students, Dental Hygiene Students, Dental Assistant Students","This course presents the background essential to understand the importance of hand hygiene in healthcare settings and provides evidence based information related to handwashing; hand antisepsis, i.e., antiseptic handwash and antiseptic handrub; and surgical hand antisepsis.",/en-us/professional-education/ce-courses/ce353
Hazard Communication Compliance,N/A,03/01/2016 - 02/28/2019,Self-instructional,Free,2 Hour(s),"Shelly Feiwell, CDA, EFDA; Ronald L. Occhionero, DDS","Dentists, Dental Hygienists, Dental Assistants, Dental Students, Dental Hygiene Students, Dental Assistant Students","Participants in this course will be introduced to OSHA’s Hazard Communication Standard, 29 CFR 1920.1200, also known as HazCom 2012.  The course is advisory in nature and informational in content.  It focuses on assisting oral healthcare facilities to identify relevant parts of the rule.  In addition, it provides guidance to develop and implement an effective HazCom program.",/en-us/professional-education/ce-courses/ce502
Hazardous (and Universal) Waste Management,N/A,08/01/2016 - 07/31/2019,Self-instructional,Free,2 Hour(s),"Shelly Feiwell, CDA, EFDA; Ronald L. Occhionero, DDS","Dentists, Dental Hygienists, Dental Assistants, Dental Students, Dental Hygiene Students, Dental Assistant Students",This continuing education course focuses on those parts of federal EPA regulations (40 CFR Parts 260-273) that are relevant to developing and implementing an effective hazardous waste management program in oral healthcare settings. It is advisory in nature and informational in content.,/en-us/professional-education/ce-courses/ce499
Health Literacy for the Dental Team,N/A,01/06/2009 - 08/31/2018,Self-instructional,Free,2 Hour(s),"Patricia A. Lenton, RDH, MA; Jessica Ridpath, BS","Dentists, Dental Hygienists, Dental Assistants, Dental Students, Dental Hygiene Students, Dental Assistant Students","This continuing education course will increase awareness and understanding by dental health personnel in the matters of health and oral health literacy.  This course will define oral health literacy, describe steps being taken by professional oral healthcare organizations to address oral health literacy issues, and provide dental team members with practical strategies and resources to incorporate into their dental practices in improve patient understanding.",/en-us/professional-education/ce-courses/ce335
"Healthy Mouth, Healthy Mom, Healthy Baby: Optimal Oral Health Care Before, During and After Pregnancy",N/A,06/06/2016 - 06/05/2019,Self-instructional,Free,1 Hour(s),"Maria L. Geisinger, DDS, MS","Dentists, Dental Hygienists, Dental Assistants, Dental Students, Dental Hygiene Students, Dental Assistant Students","This continuing education course will review the current scientific evidence about the association between oral health and pregnancy outcomes and to evaluate best practices for optimal dental treatment of women before, during, and following their pregnancies.",/en-us/professional-education/ce-courses/ce505
HIV: Infection Control/Exposure Control Issues for Oral Healthcare Personnel,N/A,09/08/2009 - 05/21/2020,Self-instructional,Free,2 Hour(s),"Michaell A. Huber, DDS; Géza T. Terézhalmy, DDS, MA","Dentists, Dental Hygienists, Dental Students, Dental Hygiene Students",This course presents the background essential to understand the transmission of the human immunodeficiency virus (HIV) in healthcare settings and provides evidence based information related to post-exposure prophylaxis and follow-up.,/en-us/professional-education/ce-courses/ce97
Hypertension: Risk Stratification and Patient Management in Oral Healthcare Settings,N/A,10/22/2012 - 01/05/2019,Self-instructional,Free,2 Hour(s),"Géza T. Terézhalmy, DDS, MA; Michaell A. Huber, DDS","Dentists, Dental Hygienists, Dental Students, Dental Hygiene Students","This continuing education course presents information on hypertension and its impact on the clinical process in dentistry.  It emphasizes disease-specific and procedures-specific risk factors and the importance of determining a patient’s functional capacity to minimize intraoperative hypertensive, hypotensive, and cardiac risks.",/en-us/professional-education/ce-courses/ce407
Immunological and Inflammatory Aspects of Periodontal Disease,N/A,09/04/1996 - 11/14/2019,Self-instructional,Free,2 Hour(s),"Michael P. Mills, DMD, MS","Dentists, Dental Hygienists, Dental Students, Dental Hygiene Students",This course reviews key components of the immune system and their coordinated roles in preventing and eliminating the etiologic agents of disease. Current concepts in the immunopathogenesis of periodontal disease will be discussed with emphasis on the role of inflammation in periodontal tissue destruction.,/en-us/professional-education/ce-courses/ce1
Improving Oral Health Literacy: Teaching Primary School Students through the Lessons in a Lunch Box Program,N/A,10/20/2014 - 11/05/2020,Self-instructional,Free,1 Hour(s),"Winifred J. Booker, DDS; Leslie E. Grant, DDS, MSPA","Dentists, Dental Hygienists, Dental Assistants, Dental Students, Dental Hygiene Students, Dental Assistant Students",This continuing education (CE) course defines oral health literacy.  It was developed to offer dental health professionals and students an innovative way to improve oral health literacy.,/en-us/professional-education/ce-courses/ce456
Increasing Productivity by Effective Use of Four-Handed Dentistry - Part 1: An Overview of the Concept,N/A,09/03/2013 - 08/27/2020,Self-instructional,Free,2 Hour(s),"Betty Ladley Finkbeiner, CDA-Emeritus, BS, MS","Dentists, Dental Hygienists, Dental Assistants, Dental Students, Dental Hygiene Students, Dental Assistant Students",This course is the first of a three-part series and describes and discusses four‑handed dentistry and its integration in the modern dental office.,/en-us/professional-education/ce-courses/ce428
Increasing Productivity by Effective Use of Four-Handed Dentistry – Part 3:  Instrument Transfer Technique,N/A,09/03/2013 - 08/27/2020,Self-instructional,Free,2 Hour(s),"Betty Ladley Finkbeiner, CDA-Emeritus, BS, MS","Dentists, Dental Hygienists, Dental Assistants, Dental Students, Dental Hygiene Students, Dental Assistant Students","This course is the third of a three-part series and reviews the transfer of dental instruments for use in an ergonomic, four‑handed dental practice.",/en-us/professional-education/ce-courses/ce430
Increasing Productivity by Effective Utilization of Four-Handed Dentistry - Part 2: Equipment Selection,N/A,09/03/2013 - 08/27/2020,Self-instructional,Free,2 Hour(s),"Betty Ladley Finkbeiner, CDA-Emeritus, BS, MS","Dentists, Dental Hygienists, Dental Assistants, Dental Students, Dental Hygiene Students, Dental Assistant Students","This course is the second of a three‑part series and reviews the selection of dental equipment for use in an ergonomic, four‑handed dental practice.",/en-us/professional-education/ce-courses/ce429
Infection Control-related Administrative Policies and Work Restrictions,N/A,07/01/2015 - 06/30/2018,Self-instructional,Free,1 Hour(s),"Géza T. Terézhalmy, DDS, MA; Michaell A. Huber, DDS","Dentists, Dental Hygienists, Dental Assistants, Dental Students, Dental Hygiene Students, Dental Assistant Students","This course provides best available evidence for the development of strategies to minimize latex-related problems among oral healthcare personnel (OHCP) and patients, to minimize the exposure of OHCP with acute or chronic diseases to patients who have been diagnosed with a transmissible infectious disease, and to minimize the exposure of patients to OHCP who have been exposed to or have been diagnosed with an infectious disease.",/en-us/professional-education/ce-courses/ce473
Intimate Partner Violence and Elder Maltreatment: Implications for the Dental Professional,N/A,12/08/2009 - 03/30/2019,Self-instructional,Free,1 Hour(s),"Amos S.  Deinard, MD, MPH; Marniasha Ginsberg, BA; Sean Burke, JD","Dentists, Dental Hygienists, Dental Assistants, Dental Students, Dental Hygiene Students, Dental Assistant Students","This continuing education course will provide information on Intimate Partner Violence (IPV) and Elder Maltreatment (EM), describe their victims and perpetrators, and outline the dental professionals’ responsibilities to recognize, report, treat, and prevent such cases.","Dental Students:  This is part one of a two-part continuing education series.  The second part is Dr. Stephen Jessee’s “Child Abuse and Neglect” course.  For students taking these courses, both courses should be completed.  As healthcare providers, you are obligated to understand these topics and report, as appropriate.",/en-us/professional-education/ce-courses/ce338
"Intraoral Radiography: Principles, Techniques and Error Correction",N/A,09/15/2008 - 06/16/2018,Self-instructional,Free,2 Hour(s),"Gail F. Williamson, RDH, MS","Dental Hygienists, Dental Assistants, Dental Students, Dental Hygiene Students, Dental Assistant Students","Proper patient care includes obtaining diagnostic intraoral and extraoral radiographs which are essential to patient assessment, periodontal therapy, treatment and re-evaluation.  Radiographs are especially helpful during instrumentation as a guide for detection of calculus deposits or faulty restorations, as well as the diagnosis of dental caries, alveolar bone loss, pulpal changes, and anatomical imperfections in tooth and root surfaces.  It is imperative that dental professionals are competent in taking radiographs to ensure diagnostically acceptable images, while keeping the amount of radiation exposure to patients at a minimum.",/en-us/professional-education/ce-courses/ce137
Introduction to Standard and Transmission-based Precautions,N/A,06/01/2017 - 05/31/2020,Self-instructional,Free,2 Hour(s),"Fady F. Faddoul, DDS, MSD; Géza T. Terézhalmy, DDS, MA","Dentists, Dental Hygienists, Dental Assistants, Office Managers, Dental Students, Dental Hygiene Students, Dental Assistant Students","This course introduces participants to evidence-based information related to (1) the “chain of infection,” (2) Standard and Transmission-base Precautions, (3) factors that affect the quality of an effective infection prevention program, and (4) infection prevention education and training.",/en-us/professional-education/ce-courses/ce535
Lasers in Dentistry:  Minimally Invasive Instruments for the Modern Practice,N/A,06/11/2012 - 09/10/2018,Self-instructional,Free,4 Hour(s),"Steven R. Pohlhaus, DDS","Dentists, Dental Hygienists, Dental Students, Dental Hygiene Students",Lasers have been used in dentistry for over 25 years.  Recent developments in technology and differing wavelengths are creating a host of innovative treatments using various dental lasers.  The modern practitioner needs to be familiarized with these devices and understand the possibilities and limitations of each device.,/en-us/professional-education/ce-courses/ce394
Local Anesthesia in Pediatric Dentistry,N/A,09/01/2008 - 03/25/2018,Self-instructional,Free,2 Hour(s),"Steven Schwartz, DDS","Dentists, Dental Hygienists, Dental Assistants, Dental Students, Dental Hygiene Students, Dental Assistant Students","This course will teach the clinician how to administer an effective, safe and atraumatic local anesthesia injection to a child (or adult).  Rather than avoiding local administration for fear of traumatizing the pediatric patient, the clinician should strive to learn and use the latest modalities of local pain control to create a pleasant and comfortable dental experience for the child.",/en-us/professional-education/ce-courses/ce325
"Maintaining Healthy, Pain-free Posture for the Dental Professional",N/A,12/01/2017 - 11/30/2020,Self-instructional,Free,2 Hour(s),"Dianne Saywell, RDH, RYT","Dentists, Dental Hygienists, Dental Assistants, Office Managers, Dental Students, Dental Hygiene Students, Dental Assistant Students","Dental professionals and office staff often suffer body pain and injury as a result of continual use and position of the body. Breathing, stretching and strengthening key muscle groups to better support and release tension will lead the dental professional and seated office staff to freedom in the body, the mind and the spirit. This course focuses on stretching and strengthening several key muscle groups: the legs, hips and lower back.",/en-us/professional-education/ce-courses/ce523
Management of Pediatric Medical Emergencies in the Dental Office,N/A,05/11/2012 - 06/30/2018,Self-instructional,Free,2 Hour(s),"Steven Schwartz, DDS","Dentists, Dental Hygienists, Dental Assistants, Dental Students, Dental Hygiene Students, Dental Assistant Students","The dentist's successful management of medical emergencies requires preparation, prevention and knowledge of definitive management not just by the dentist but by all dental staff.   Although the primary focus of this course is the pediatric dental patient, adult medical emergencies will also be addressed.",/en-us/professional-education/ce-courses/ce391
Management of Traumatic Injuries to Children's Teeth,N/A,08/31/2007 - 01/17/2020,Self-instructional,Free,2 Hour(s),"Steven Schwartz, DDS","Dentists, Dental Hygienists, Dental Assistants, Dental Students, Dental Hygiene Students, Dental Assistant Students",This course presents currently available knowledge of the latest techniques for treatment of dental injuries in children and adults based on the guidelines from the American Academy of Pediatric Dentistry and the International Association of Dental Traumatology.,/en-us/professional-education/ce-courses/ce98
Managing Adult Medical Emergencies in the Dental Office,N/A,09/16/2016 - 09/15/2019,Self-instructional,Free,4 Hour(s),"Palma A. Freydinger, DDS; Fady F. Faddoul, DDS, MSD","Dental Assistant Students, Dental Assistants, Dentists, Dental Hygienists, Office Managers, Dental Students, Dental Hygiene Students","Participants in this course will be introduced to information essential to diagnose and respond to adult medical emergencies in oral healthcare settings. Special emphasis is placed on factors to be considered in risk-assessment, recognizing medical emergencies that are immediately life-threatening and must be acted upon promptly (e.g., cardiac arrest); and those problems that, while not immediately life-threatening, require timely stabilization (e.g., hypoglycemia).",/en-us/professional-education/ce-courses/ce516
Managing Dental Erosion: Current Understanding and Future Directions,N/A,04/04/2017 - 04/03/2020,Self-instructional,Free,2 Hour(s),"Donald J. White, PhD; Warden H. Noble, DDS, MS, MSEd; Nicola West, BDS, FDSRCS, PhD FDS (Rest Dent)","Dentists, Dental Hygienists, Dental Assistants, Dental Students, Dental Hygiene Students, Dental Assistant Students","The purpose of this course is to provide information on the dental erosion process, highlight key similarities and differences between dental erosion and caries, provide effective strategies to help educate patients who are at risk for developing dental erosion, and manage patients who are already experiencing the condition to minimize its effects.",/en-us/professional-education/ce-courses/ce517
Managing Staff:  Performance Reviews,N/A,12/09/2014 - 12/08/2017,Self-instructional,Free,3 Hour(s),"David G. Dunning, MA, PhD","Dentists, Dental Hygienists, Dental Assistants, Office Managers, Dental Students, Dental Hygiene Students, Dental Assistant Students",/en-us/professional-education/ce-courses/ce458
"Mandated, Highly Recommended, and Other Vaccines for Oral Healthcare Personnel Workers",N/A,05/29/2015 - 05/28/2018,Self-instructional,Free,2 Hour(s),"Michaell A. Huber, DDS; Géza T. Terézhalmy, DDS, MA","Dentists, Dental Hygienists, Dental Assistants, Dental Students, Dental Hygiene Students, Dental Assistant Students",This course presents currently available knowledge essential for the development and implementation of an effective vaccination strategy in an oral healthcare setting.,/en-us/professional-education/ce-courses/ce479
Marijuana Use and Oral Health,N/A,02/02/2015 - 09/18/2020,Self-instructional,Free,1 Hour(s),"Sarita Arteaga, DMD, MAGD","Dentists, Dental Hygienists, Dental Assistants, Dental Students, Dental Hygiene Students, Dental Assistant Students",/en-us/professional-education/ce-courses/ce460
Methamphetamine: Implications for the Dental Team,N/A,02/19/2009 - 03/20/2019,Self-instructional,Free,3 Hour(s),"Patricia A. Frese, RDH, MEd; Elizabeth McClure, RDH, MEd","Dentists, Dental Hygienists, Dental Assistants, Dental Students, Dental Hygiene Students, Dental Assistant Students","This course explores the history, physical and psychological effects, implications for dental team members and other topics related to the methamphetamine phenomenon.  The goal of this course is to increase dental healthcare providers’ understanding of the effects of methamphetamine use/abuse.",/en-us/professional-education/ce-courses/ce332
Mission Trips - First Do No Harm,N/A,11/20/2012 - 02/14/2020,Self-instructional,Free,2 Hour(s),"Curt Hamann, MD; Charles John Palenik, MS, PhD, MBA","Dentists, Dental Hygienists, Dental Assistants, Dental Students, Dental Hygiene Students, Dental Assistant Students",The dental profession is known to be generous in donating time and talent to help those in need of oral healthcare throughout the United States and the rest of the world. It is important for the volunteer team to thoughtfullyconsider their own health as well as the safety of the people whom they will treat.,"The Organization for Safety, Asepsis and Prevention (OSAP) was founded in 1984 and formally incorporated as a non-profit organization in 1986. OSAP is a unique group of dental educators, consultants, researchers, clinicians, industry representatives, and other interested persons with a collective mission to be the world's leading advocate for the safe and infection-free delivery of oral healthcare. OSAPsupports this commitment to oral healthcare workers and the public through quality education and information dissemination. OSAP has developed a ""Guide for Safety and Infection Control for Oral Healthcare Missions."" Based in large part on this Guide, this course provides guidance to help ensurethe health and safety of mission participants, their dental patients and the community at large. Please note, the guide is not a comprehensive planning document for all missions and other aspects of the mission will need to beconsidered.  All Appendices referenced in this course are used with permission from the Organization for Safety, Asepsis and Prevention (OSAP), 2012.",/en-us/professional-education/ce-courses/ce397
Motivational Interviewing:  A Patient-Centered Approach to Elicit Positive Behavior Change,N/A,10/05/2011 - 06/07/2018,Self-instructional,Free,2 Hour(s),"Karen B. Williams, RDH, MS, PhD; Kimberly Bray, RDH, MS","Dentists, Dental Hygienists, Dental Assistants, Dental Students, Dental Hygiene Students, Dental Assistant Students","This continuing education course reviews the fundamental principles of Motivational Interviewing (MI), a person-centered, goal-directed method of communication for eliciting and strengthening intrinsic motivation for positive change.  The four key principles of MI – expressing empathy, developing discrepancies, rolling with resistance and supporting self-efficacy – are reviewed and then illustrated in two clinical case scenario videos.",/en-us/professional-education/ce-courses/ce381
New and Evolving Concepts in Orthodontics,N/A,05/01/2017 - 04/30/2020,Self-instructional,Free,1 Hour(s),"Melissa Alfonso, DMD, MS; Calogero Dolce, DDS, PhD","Dentists, Dental Hygienists, Dental Students, Dental Hygiene Students","The field of orthodontics has changed markedly in recent years. This course reviews some of the many advances in orthodontics and their impact on patient care. Some of these advances include the use of clear aligner therapy, use of technology, accelerating orthodontic tooth movement, and use of skeletal anchorage.",/en-us/professional-education/ce-courses/ce524
No Sugar Coating It! The Link between Periodontal Disease and Diabetes Mellitus,N/A,04/06/2017 - 04/05/2020,Self-instructional,Free,1 Hour(s),"Maria L. Geisinger, DDS, MS; Matthew Rasmussen, DMD","Dentists, Dental Hygienists, Dental Assistants, Dental Students, Dental Hygiene Students, Dental Assistant Students",This course seeks to improve the dental care provider’s understanding of the interaction between periodontal disease and diabetes mellitus as well as aid in the clinical decision making to care for patients with diabetes mellitus and periodontal disease.,/en-us/professional-education/ce-courses/ce520
Nutrition & Oral Health: Eating Well for a Healthy Mouth,N/A,05/01/2008 - 03/30/2019,Self-instructional,Free,2 Hour(s),"Diane Vernetti-Callahan, RDH, BS","Dentists, Dental Hygienists, Dental Assistants, Dental Students, Dental Hygiene Students, Dental Assistant Students",This continuing education course is intended to provide awareness and a deeper understanding of the connection between optimal nutrition and its impact on oral health.,/en-us/professional-education/ce-courses/ce301
Oral Cancer,N/A,11/05/2009 - 09/16/2018,Self-instructional,Free,1 Hour(s),"Richard C. Jordan, DDS, PhD, FRCD(C) FRCPath","Dentists, Dental Hygienists, Dental Assistants, Dental Students, Dental Hygiene Students, Dental Assistant Students","This course presents the important general features of oral cancer, its causes and clinical presentation and how the disease is managed.",/en-us/professional-education/ce-courses/ce348
Oral Health and General Health – What are the Connections?,N/A,10/01/2015 - 09/30/2018,Self-instructional,Free,1 Hour(s),"Stephen A. Hancocks, MA, BDS, LDS, DDPH, MCCD, FFGDP, RCS ","Dentists, Dental Hygienists, Dental Assistants, Dental Students, Dental Hygiene Students, Dental Assistant Students",This course provides a review of the evidence for the connections and possible/proven links between oral health/conditions and general health/conditions.,/en-us/professional-education/ce-courses/ce477
Oral Health Care: A Whole New Language,N/A,03/26/2001 - 10/25/2018,Self-instructional,Free,3 Hour(s),"Patricia J. Nunn, RDH, MS ","Dental Hygienists, Dental Assistants, Office Managers, Dental Students, Dental Hygiene Students, Dental Assistant Students","This course is intended for anyone new to the field of oral healthcare: dental assisting, dental therapy, dental hygiene, dentistry, dental laboratory technology, or anyone already in the field who would like a dental vocabulary refresher.  The professionals associated with oral healthcare, most commonly used terms in dentistry will be defined, and memory cues will be provided for most terms.  Useful prefixes and suffixes often used to create dental/medical words are presented, as are some common abbreviations.",/en-us/professional-education/ce-courses/ce21
Oral Piercings: Implications for Dental Professionals,N/A,09/01/2014 - 02/28/2018,Self-instructional,Free,3 Hour(s),"Patricia A. Frese, RDH, MEd","Dentists, Dental Hygienists, Dental Assistants, Dental Students, Dental Hygiene Students, Dental Assistant Students",The goal of this course is to provide dental team members with the knowledge and skills necessary to appropriately treat the patient with oral piercings.,/en-us/professional-education/ce-courses/ce423
Orofacial Myofunctional Therapy in Traditional Dental Settings,N/A,11/09/2016 - 11/08/2019,Self-instructional,Free,2 Hour(s),"Anna Sinclair, RDH, BSDH; Kathryn P. Bell, RDH, MS","Dentists, Dental Hygienists, Dental Students, Dental Hygiene Students","This course will introduce the reader to orofacial myofunctional disorders (OMDs) and OMT. It has been designed to educate the reader regarding common OMDs, signs and symptoms of OMDs, and to discuss the goals and potential outcomes of therapy.",/en-us/professional-education/ce-courses/ce507
Ortho 101 for the Dental Professional,N/A,01/16/2013 - 11/10/2019,Self-instructional,Free,2 Hour(s),"Constance Hillmann, RDH, BS","Dentists, Dental Hygienists, Dental Assistants, Dental Students, Dental Hygiene Students, Dental Assistant Students",This course will unveil helpful hints to utilize for the benefit of the orthodontic patient to prevent detrimental effects of inadequate homecare. Within the course there will be an overview of the types of braces and fixed appliances to increase the knowledge of the dental professional in regards to orthodontics. There will be information on different adjuncts to assist in accessing areas around braces and orthodontic appliances along with products to control or prevent disease progression. The increased knowledge of the dental provider focusing on orthodontic care contained within this course will improve patient outcomes in the creation and maintenance of a beautiful smile.,/en-us/professional-education/ce-courses/ce413
Orthodontics: A Review ,N/A,12/12/2005 - 01/29/2020,Self-instructional,Free,1 Hour(s),"Calogero Dolce, DDS, PhD; Melissa Alfonso, DMD, MS","Dentists, Dental Hygienists, Dental Assistants, Dental Students, Dental Hygiene Students, Dental Assistant Students","Orthodontics, the first specialty in dentistry, emphasizes proper occlusion and tooth alignment as well as ideal dental and facial esthetics.  The American Association of Orthodontists estimates that three-quarters of the US population could benefit from orthodontic care, so it's important for dental professionals to understand the basic elements of orthodontics.  This course reviews the need for orthodontic treatment, diagnostic procedures and records, biological factors affecting tooth movement, goals of orthodontic treatment, categories of treatment, popular orthodontic devices and oral hygiene considerations.",/en-us/professional-education/ce-courses/ce202
Overview of Power Toothbrush Technology,N/A,09/01/2017 - 08/31/2020,Self-instructional,Free,3 Hour(s),"Jack Amburgey, MS, PhD","Dentists, Dental Hygienists, Dental Assistants, Dental Students, Dental Hygiene Students, Dental Assistant Students",/en-us/professional-education/ce-courses/ce543
Pathogens Associated with Putative Healthcare-associated Infections in Oral Healthcare Settings,N/A,12/01/2016 - 11/30/2019,Self-instructional,Free,2 Hour(s),"Jennifer K. Blake, CDA, EFDA, MADAA; Salme E. Lavigne, RDH, PhD; Géza T. Terézhalmy, DDS, MA","Dentists, Dental Hygienists, Dental Assistants, Office Managers, Dental Students, Dental Hygiene Students, Dental Assistant Students","This course identifies those pathogenic organisms that may be transmitted in oral healthcare settings and provides an overview of their modes of transmission, clinical features, prevention, and medical management. It provides the basis for understanding the rational for Standard and Transmission-based Precautions.",/en-us/professional-education/ce-courses/ce482
"Peri-implant Disease: Pathogenesis, Risk Factors, Diagnosis, Prevention and Treatment",N/A,08/01/2014 - 01/31/2018,Self-instructional,Free,1 Hour(s),"Leena Palomo, DDS, MSD; Géza T. Terézhalmy, DDS, MA","Dentists, Dental Hygienists, Dental Students, Dental Hygiene Students","Participants in this course will be introduced to evidence-based information related to (1) the pathogenesis, (2) risk factors, (3) diagnosis, and (4) preventive and treatment of peri-implant mucositis and peri-implantitis.",/en-us/professional-education/ce-courses/ce457
Periodontal Management of the Diabetic Patient,N/A,05/14/2009 - 08/16/2018,Self-instructional,Free,3 Hour(s),"Spencer L. Fried, DDS, MS","Dentists, Dental Hygienists, Dental Assistants, Dental Students, Dental Hygiene Students, Dental Assistant Students","This continuing education course provides information to assist clinicians in understanding the diabetes mellitus disease state and how it affects the course and treatment of periodontal diseases.  The course reviews the manifestations and epidemiology of diabetes mellitus, its control and measures.",/en-us/professional-education/ce-courses/ce331
Periodontal Screening and Recording: Early Detection of Periodontal Diseases,N/A,10/02/2003 - 04/06/2020,Self-instructional,Free,1 Hour(s),"Tanya Villalpando Mitchell, RDH, MS","Dentists, Dental Hygienists, Dental Assistants, Dental Students, Dental Hygiene Students, Dental Assistant Students",/en-us/professional-education/ce-courses/ce53
"Periodontics: Oral Health and Wellness I. Understanding Periodontal Health, Recognizing Disease States and Choices in Treatment Strategies",N/A,11/25/2003 - 09/12/2020,Self-instructional,Free,4 Hour(s),"Spencer L. Fried, DDS, MS","Dentists, Dental Hygienists, Dental Assistants, Dental Students, Dental Hygiene Students, Dental Assistant Students","This course provides information to assist clinicians in promoting the goals of oral health by first understanding periodontal health, recognizing disease states and providing choices in treatment strategies. This course reviews basic periodontal anatomy (to include connective tissue, bone, periodontal ligament and cementum) and physiology, periodontal disease classification, as well as the challenges, manifestations and implications of attachment loss. Evaluation of periodontal therapeutic strategies is best accomplished through a review of the scientific evidence on the topic. The objective of the therapeutic strategies reviewed is to improve the health and function of all periodontal attachment structures rather than only bone in isolation.",/en-us/professional-education/ce-courses/ce50
Personal Protective Equipment,N/A,08/01/2015 - 07/31/2018,Self-instructional,Free,1 Hour(s),"Géza T. Terézhalmy, DDS, MA","Dentists, Dental Hygienists, Dental Assistants, Office Managers, Dental Students, Dental Hygiene Students, Dental Assistant Students","Participants in this course will be introduced to (1) the concept of personal protective equipment (PPE), (2) federal agencies with advisory and regulatory/enforcement jurisdiction related to PPE, (3) the indication for and selection of PPE for use in oral healthcare settings, and (4) a hierarchy of steps to follow for putting on and safely removing PPE to prevent skin, mucosal, clothing, and environmental contamination.",/en-us/professional-education/ce-courses/ce483
Pharmacology of Analgesics: Clinical Considerations,N/A,01/06/2014 - 05/31/2020,Self-instructional,Free,3 Hour(s),"Anita Aminoshariae, DMD, MS; Géza T. Terézhalmy, DDS, MA","Dentists, Dental Hygienists, Dental Students, Dental Hygiene Students","Participants in this course will be introduced to evidence-based information related to the basic mechanisms of pain, the pharmacology of analgesics, and the rationale for the selection of a disease-modifying analgesic regimen for the treatment of acute odontogenic pain.",/en-us/professional-education/ce-courses/ce442
Pharmacology of Antifungal and Antiviral Agents,N/A,10/02/2017 - 10/01/2020,Self-instructional,Free,2 Hour(s),"David Leonard Ojeda Diaz, DDS; Michaell A. Huber, DDS","Dentists, Dental Hygienists, Dental Assistants, Dental Students, Dental Hygiene Students, Dental Assistant Students",/en-us/professional-education/ce-courses/ce538
Pharmacology of Local Anesthetics: Clinical Implications,N/A,03/03/2014 - 06/26/2020,Self-instructional,Free,3 Hour(s),"M. Louay Taifour, BDS, DMD; Géza T. Terézhalmy, DDS, MA","Dentists, Dental Hygienists, Dental Students, Dental Hygiene Students","Participants in this course will be introduced to evidence-based information related to basic mechanisms of pain, the pharmacology of local anesthetic agents, and factors to consider in selecting the most effective and least toxic local anesthetic agent for perioperative pain management.",/en-us/professional-education/ce-courses/ce449
Pharmacology of the Central Nervous System: Clinical Implications,N/A,12/01/2017 - 11/30/2020,Self-instructional,Free,2 Hour(s),"Tim S. Whittingham, PhD, MBA; Géza T. Terézhalmy, DDS, MA","Dentists, Dental Hygienists, Dental Assistants, Dental Students, Dental Hygiene Students, Dental Assistant Students","The objectives of the course are to identify therapeutic agents prescribed for the treatment of CNS disorders, present their mechanisms of action, and indications for their use.",/en-us/professional-education/ce-courses/ce539
Pica,N/A,11/02/2015 - 11/01/2018,Self-instructional,Free,1 Hour(s),"Patricia A. Frese, RDH, MEd","Dentists, Dental Hygienists, Dental Assistants, Office Managers, Dental Students, Dental Hygiene Students, Dental Assistant Students",The goal of this course is to provide the dental team with the skills and knowledge to recognize the symptoms of pica and appropriately manage the dental needs of patients who exhibit pica.,/en-us/professional-education/ce-courses/ce465
Pit & Fissure Sealants: The Added Link in Preventative Dentistry,N/A,02/26/2003 - 10/23/2019,Self-instructional,Free,2 Hour(s),"Richie Kohli, BDS, MS; Mary Ann Haisch, RDH, MPA","Dentists, Dental Hygienists, Dental Assistants, Dental Students, Dental Hygiene Students, Dental Assistant Students",This course presents an overview of dental pit and fissure sealants as a safe and effective way to prevent dental caries. The course starts with a brief look at the history of dental sealants followed by the current rationale for their use. Frequently asked questions about sealants are addressed along with the presentation of guidelines for sealant use. Information about materials currently used for sealants is presented along with general instructions for the successful placement of sealants. The use of sealants in public health programs is also addressed.,/en-us/professional-education/ce-courses/ce128
Postexposure Evaluation and Follow-up,N/A,09/01/2015 - 08/31/2018,Self-instructional,Free,1 Hour(s),"Géza T. Terézhalmy, DDS, MA","Dentists, Dental Hygienists, Dental Assistants, Dental Students, Dental Hygiene Students, Dental Assistant Students","This continuing education course presents concept of postexposure management of healthcare personnel and will be provided evidence-based guidance on the importance of prompt wound care, reporting, and evaluation of occupational exposures to pathogenic organisms, the timely initiation of postexposure prophylaxis, and the implementation of postexposure follow-up strategies in order to prevent infection and the development of disease.",/en-us/professional-education/ce-courses/ce472
Practical Panoramic Radiography,N/A,05/10/2005 - 11/16/2018,Self-instructional,Free,3 Hour(s),"William C. Scarfe, BDS, FRACDS; Gail F. Williamson, RDH, MS","Dentists, Dental Hygienists, Dental Assistants, Dental Students, Dental Hygiene Students, Dental Assistant Students","Panoramic radiographic technique, error recognition and error correction are the primary focus of this course.  The components involved in the optimal production of a panoramic image will be outlined.",/en-us/professional-education/ce-courses/ce71
Practice in Motion,N/A,02/03/2011 - 12/15/2017,Self-instructional,Free,4 Hour(s),"Jacquelyn M. Dylla, DPT, PT; Jane L. Forrest, EdD, BSDH","Dentists, Dental Hygienists, Dental Assistants, Dental Students, Dental Hygiene Students, Dental Assistant Students","The primary focus of this course is to educate dental professionals about efficient sitting positions and movements that assist with minimizing occupational pain and/or injury. As part of this course, we will examine why many practitioners need to change how they sit, discuss common postures/habits that contribute to life long pain and the consequences of not changing.",/en-us/professional-education/ce-courses/ce366
Prosthesis Retention and Effective Use of Denture Adhesive in Complete Denture Therapy,N/A,03/06/2010 - 07/16/2020,Self-instructional,Free,2 Hour(s),"David R. Cagna, DMD, MS; Joseph J. Massad, DDS","Dentists, Dental Hygienists, Dental Assistants, Dental Students, Dental Hygiene Students, Dental Assistant Students","This continuing education course will review epidemiologic data on the growing older adult population and its impact on the need for complete denture therapy today and in the future. The challenges faced by the profession with respect to managing edentulism in this older adult population will also be considered. Finally, the therapeutic utility of denture adhesives, appropriate adhesive application to denture bases, and recommendations for denture and oral hygiene will be discussed and illustrated.",/en-us/professional-education/ce-courses/ce360
"Providing Evidence Based Oral Health Care to Individuals Diagnosed with Degenerative Disorders, Part 2:  Parkinson’s Disease",N/A,10/01/2015 - 09/30/2018,Self-instructional,Free,2 Hour(s),"Melanie Simmer-Beck, RDH, PhD","Dentists, Dental Hygienists, Dental Assistants, Dental Students, Dental Hygiene Students, Dental Assistant Students",This continuing education course will provide an overview of Parkinson’s disease (PD); describe drug and non-drug treatments commonly used to treat PD; and present ways for dental professionals to modify and adapt the provision of oral health care to meet the needs of patients who have PD.,/en-us/professional-education/ce-courses/ce466
"Providing Evidence-based Oral Health Care to Individuals Diagnosed with Degenerative Disorders, Part 3: Alzheimer's Disease",N/A,12/01/2015 - 11/30/2018,Self-instructional,Free,2 Hour(s),"Melanie Simmer-Beck, RDH, PhD","Dentists, Dental Hygienists, Dental Assistants, Dental Students, Dental Hygiene Students, Dental Assistant Students","This continuing education course will provide an overview of Alzheimer’s disease (AD), describe drug and non-drug treatments to help manage the symptoms of AD, and present ways for dental professionals to modify the provision of oral health care to meet the needs of patients diagnosed with AD.",/en-us/professional-education/ce-courses/ce467
Putting it All Together: Practicum,N/A,05/16/2016 - 05/15/2019,Self-instructional,Free,1 Hour(s),"Jennifer K. Blake, CDA, EFDA, MADAA; Salme E. Lavigne, RDH, PhD; Géza T. Terézhalmy, DDS, MA","Dentists, Dental Hygienists, Dental Assistants, Dental Students, Dental Hygiene Students, Dental Assistant Students",This video presentation is a summary guide of basic infection prevention recommendations for all dental healthcare settings with special emphasis on competency-based elements of the annual training program.,/en-us/professional-education/ce-courses/ce511
Radiographic Techniques for the Pediatric Patient,N/A,09/15/2004 - 07/06/2018,Self-instructional,Free,2 Hour(s),"Steven Schwartz, DDS","Dentists, Dental Hygienists, Dental Assistants, Dental Students, Dental Hygiene Students, Dental Assistant Students","The purpose of this course is to provide a discussion on the guidelines for radiographic exposure intervals for the reduction of ionizing radiation and innovative techniques that are helpful in conducting radiographic examinations for the pediatric patient.  Also, suggestions for communicating with patients and parents about radiation safety and the need for radiographs are covered.",/en-us/professional-education/ce-courses/ce63
Regulated Medical Waste Management,N/A,01/01/2016 - 12/31/2018,Self-instructional,Free,2 Hour(s),"Géza T. Terézhalmy, DDS, MA","Dentists, Dental Hygienists, Dental Assistants, Dental Students, Dental Hygiene Students, Dental Assistant Students","Participants in this course will be introduced to evidence-based information related to the management of regulated medical waste, also referred to as infectious or biohazardous waste.",/en-us/professional-education/ce-courses/ce498
Restorative Dental Patient Education,N/A,03/01/2017 - 02/29/2020,Self-instructional,Free,1 Hour(s),"Christine Nathe, RDH, MS","Dental Hygienists, Dental Assistants, Dental Hygiene Students, Dental Assistant Students","This course will provide information to dental assistants and dental hygienists regarding dental materials, classification and treatment modalities. Additionally, health education principles will be presented with an emphasis on skills for providing motivation during patient education. This information should enhance the education provided to patients regarding dental materials and the care and maintenance of restorations.",/en-us/professional-education/ce-courses/ce497
Saliva: Liquid Magic,N/A,07/01/2013 - 03/27/2020,Self-instructional,Free,2 Hour(s),"Constance Hillmann, RDH, BS; Géza T. Terézhalmy, DDS, MA","Dentists, Dental Hygienists, Dental Assistants, Dental Students, Dental Hygiene Students, Dental Assistant Students","This course details the salutary effects of saliva on oral health. Flashbacks to basic biomedical sciences will set the stage for a practical understanding of this most intriguing body fluid and its relevance to clinical dentistry. The course navigates through the physiology of salivary function, discusses the functional components of saliva, presents the clinical consequences of hyposalivation, and offers strategies to reestablish health.",/en-us/professional-education/ce-courses/ce414
Salivary Diagnostics in Oral Diseases,N/A,03/01/2017 - 02/29/2020,Self-instructional,Free,1 Hour(s),"Balwant Rai, BDS, MS","Dentists, Dental Hygienists, Dental Assistants, Dental Students, Dental Hygiene Students, Dental Assistant Students",Salivary biomarkers are useful in the early detection (diagnosis) and monitoring of oral diseases. The aim of this continuing education course is to offer information on the availability of salivary diagnostics relevant to the practice of dentistry.,/en-us/professional-education/ce-courses/ce521
Sedation in the Dental Office: An Overview,N/A,01/05/2015 - 07/04/2018,Self-instructional,Free,2 Hour(s),"Hussein M. Assaf, DDS, MS; Marna L. Negrelli, RDH","Dentists, Dental Hygienists, Dental Students, Dental Hygiene Students",/en-us/professional-education/ce-courses/ce464
Sharpening Periodontal Instruments,N/A,06/08/2017 - 06/07/2020,Self-instructional,Free,1 Hour(s),"Leena Palomo, DDS, MSD","Dentists, Dental Hygienists, Dental Assistants, Dental Students, Dental Hygiene Students, Dental Assistant Students",/en-us/professional-education/ce-courses/ce526
Smiles For Tomorrow,N/A,12/20/1996 - 03/25/2018,Self-instructional,Free,4 Hour(s),"American Academy of Pediatric Dentistry, Chicago, IL","Dentists, Dental Hygienists, Dental Assistants, Office Managers, Dental Students, Dental Hygiene Students, Dental Assistant Students","The topics reviewed in this continuing education course include:  normal oral structures; common oral conditions; eruption patterns; dental caries and prevention; and orofacial trauma.  Upon completion of this course the user will better understand appropriate evaluation, treatment, and preventive measures that should be instituted during infancy and continued on a regular basis to maintain optimal health.",/en-us/professional-education/ce-courses/ce04
Sports-Related Dental Injuries and Sports Dentistry,N/A,01/06/2003 - 04/27/2020,Self-instructional,Free,2 Hour(s),"Connie M. Kracher, PhD, MSD; Rick Knowlton, DMD, MAGD","Dentists, Dental Hygienists, Dental Assistants, Dental Students, Dental Hygiene Students, Dental Assistant Students","Whether for exercise, competition or the simple enjoyment of recreational activity, increasing numbers of health conscious Americans are involved in sporting activities. Over the past decade, 46 million U.S. children were involved in sports. It’s estimated that 30 million of these children are participating in organized sports. Sports injury accounts for 10-39% of all dental injuries. Children most prone to sports-related oral injury are between 7-11 years old.",/en-us/professional-education/ce-courses/ce127
Sterilization and Disinfection of Patient-care Items in Oral Healthcare Settings,N/A,06/01/2015 - 05/31/2018,Self-instructional,Free,1 Hour(s),"Ronald L. Occhionero, DDS; Géza T. Terézhalmy, DDS, MA","Dentists, Dental Hygienists, Dental Assistants, Dental Students, Dental Hygiene Students, Dental Assistant Students","This course presents evidence-based information for the preferred methods of transporting, cleaning, sterilizing and disinfecting patient-care items in oral healthcare settings.",/en-us/professional-education/ce-courses/ce474
Strategies for Developing a Quality Course: Teaching Methodologies/Faculty Development,N/A,11/20/2012 - 03/30/2019,Self-instructional,Free,1 Hour(s),"Cynthia C. Gadbury-Amyot, MSDH, EdD","Dentists, Dental Hygienists, Dental Assistants",This continuing education course will introduce participants to the latest strategies for course design with a focus on integration with curriculum and program competencies.,/en-us/professional-education/ce-courses/ce398
Strategies for Searching the Literature Using PubMed,N/A,04/13/2009 - 01/31/2018,Self-instructional,Free,3 Hour(s),"Jane L. Forrest, EdD, BSDH; Syrene A. Miller, BA","Dentists, Dental Hygienists, Dental Assistants, Dental Students, Dental Hygiene Students, Dental Assistant Students","This continuing education course is a follow up to the course, Evidence-Based Decision Making: Introduction and Formulating Good Clinical Questions.1  The primary learning objectives for this course are to increase your skills in conducting an efficient computerized search using PubMed to answer a specific clinical question, the second step of the Evidence-based process.",/en-us/professional-education/ce-courses/ce340
The Common Risk Factor Approach (CRFA) to Oral Health Promotion,N/A,11/01/2014 - 11/30/2017,Self-instructional,Free,2 Hour(s),"Carol Chapman, CDA, RDH, MS","Dentists, Dental Hygienists, Dental Assistants, Dental Students, Dental Hygiene Students, Dental Assistant Students",/en-us/professional-education/ce-courses/ce435
The Detection and Management of Temporomandibular Disorders in Primary Dental Care,N/A,09/07/2012 - 05/15/2019,Self-instructional,Free,2 Hour(s),"Kimberly Hanson Huggins, RDH, BS; Edward F. Wright, DDS, MS","Dentists, Dental Hygienists, Dental Students, Dental Hygiene Students","This course provides information about Temporomandibular Disorders (TMD), suggested patient history questions, clinical examination criteria, and methods of treatment and how to help patients self-manage their TMD pain and symptoms under the guidance of the dental professional.",/en-us/professional-education/ce-courses/ce395
The Intraoral and Extraoral Exam,N/A,02/20/2009 - 12/05/2018,Self-instructional,Free,3 Hour(s),"Nancy W. Burkhart, BSDH, MEd, EdD; Leslie DeLong, RDH, AS, BSHS, MHA","Dentists, Dental Hygienists, Dental Assistants, Dental Students, Dental Hygiene Students, Dental Assistant Students","This continuing education course will introduce the protocol for a complete oral cancer examination with proper techniques for both the intraoral and extraoral exam; provide patient education information, as well as information on some adjunct devices and materials that may be utilized in lesion detection and lastly, to emphasize that all patients be told they are receiving a complete oral cancer examination.",/en-us/professional-education/ce-courses/ce337
